Name and description, ID, tmh start location, tmh end location, tmh length, full protein sequence, tmh sequence, N flank sequence, C flank sequence, Hydrophobicity of TMH, Hydrophobicity of TMH and flanks, Disorder of TMH, Disorder of TMH and flanks, Entropy of TMH, Entropy of TMH and flanks 
RecName: Full=Syntaxin-like protein psy1;,Q9USH7,260,280,20,MNKANDYTLGVEMIPLSMGEFFEEIDHIRDAIRQIEDNVGRIEMLHQQSLQEIDEANIAATTRHLEGYTSDTRRLQTSVQLAIRSLESQNMQLPPDNDTATRKTQTEAVKKKFMDQIRHFLQIEKTYRAQYEQRMRRQLEIANPRATEDDFQTAINEENGGQVFAQALLRSNRSGEARTALREVQERHADIKRIERTIAELAQLFQDMATMVQEQEPMVDKIVTDAVNVRTNMGEGTQHMDRAIKSARAARKKKWICFGICVVIICVIVAVLCGVLIPVLGNRH,ICVVIICVIVAVLCGVLIPVL,ICFG,GNRH,3.3619047619047615,2.3586206896551722,-0.24522333333333335,-0.1687624137931035,2.450845997389856,3.0417384274359485,
RecName: Full=Syntaxin-4;,P70452,275,295,20,MRDRTHELRQGDNISDDEDEVRVALVVHSGAARLGSPDDEFFQKVQTIRQTMAKLESKVRELEKQQVTILATPLPEESMKQGLQNLREEIKQLGREVRAQLKAIEPQKEEADENYNSVNTRMKKTQHGVLSQQFVELINKCNSMQSEYREKNVERIRRQLKITNAGMVSDEELEQMLDSGQSEVFVSNILKDTQVTRQALNEISARHSEIQQLERSIRELHEIFTFLATEVEMQGEMINRIEKNILSSADYVERGQEHVKIALENQKKARKKKVMIAICVSVTVLILAVIIGITITVG,MIAICVSVTVLILAVIIGITI,KKKV,TVG,2.919047619047619,2.0321428571428575,-0.25459619047619053,-0.2134657142857143,2.7898657820928925,2.9976751198055647,
RecName: Full=Synaptobrevin-1; AltName: Full=Synaptobrevin-related protein 1;,O02495,87,107,20,MDAQGDAGAQGGSQGGPRPSNKRLQQTQAQVDEVVGIMKVNVEKVLERDQKLSQLDDRADALQEGASQFEKSAATLKRKYWWKNIKMMIIMCAIVVILIIIIVLWAGGK,MMIIMCAIVVILIIIIVLWAG,KNIK,GK,3.1761904761904756,2.0592592592592593,-0.2970666666666667,-0.23325148148148148,2.6061376606679536,2.9477027792200907,
RecName: Full=Sarcolemmal membrane-associated protein; Short=Sarcolemmal-associated protein;,Q14BN4,803,823,20,MPSALAIFTCRPNSHPFQERHVYLDEPIKIGRSVARCRPAQNNATFDCKVLSRNHALVWFDHKTGKFYLQDTKSSNGTFINSQRLSRGSEESPPCEILSGDIIQFGVDVTENTRKVTHGCIVSTIKLFLPDGMEARLRSDVIHAPLPSPVDKVAANTPSMYSQELFQLSQYLQEALHREQMLEQKLATLQRLLAITQEASDTSWQALIDEDRLLSRLEVMGNQLQACSKNQTEDSLRKELIALQEDKHNYETTAKESLRRVLQEKIEVVRKLSEVERSLSNTEDECTHLKEMNERTQEELRELANKYNGAVNEIKDLSDKLKVAEGKQEEIQQKGQAEKKELQHKIDEMEEKEQELQAKIEALQADNDFTNERLTALQVRLEHLQEKTLKECSSLEHLLSKSGGDCTFIHQFIECQKKLIVEGHLTKAVEETKLSKENQTRAKESDFSDTLSPSKEKSSDDTTDAQMDEQDLNEPLAKVSLLKDDLQGAQSEIEAKQEIQHLRKELIEAQELARTSKQKCFELQALLEEERKAYRNQVEESTKQIQVLQAQLQRLHIDTENLREEKDSEITSTRDELLSARDEILLLHQAAAKVASERDTDIASLQEELKKVRAELERWRKAASEYEKEITSLQNSFQLRCQQCEDQQREEATRLQGELEKLRKEWNALETECHSLKRENVLLSSELQRQEKELHNSQKQSLELTSDLSILQMSRKELENQVGSLKEQHLRDSADLKTLLSKAENQAKDVQKEYEKTQTVLSELKLKFEMTEQEKQSITDELKQCKNNLKLLREKGNNKPWPWMPMLAALVAVTAIVLYVPGLARASP,WMPMLAALVAVTAIVLYVPGL,KPWP,ARASP,1.9523809523809523,0.9899999999999999,-0.17718000000000006,-0.09880266666666666,3.0589840894454263,3.3362434129830607,
RecName: Full=Vesicle-associated membrane protein 8 {ECO:0000303|PubMed:15363411}; Short=VAMP-8 {ECO:0000303|PubMed:15363411}; AltName: Full=Endobrevin {ECO:0000303|PubMed:15363411}; Short=Edb {ECO:0000250|UniProtKB:Q9BV40};,O70404,76,96,20,MEEASGSAGNDRVRNLQSEVEGVKNIMTQNVERILSRGENLDHLRNKTEDLEATSEHFKTTSQKVARKFWWKNVKMIVIICVIVLIIVILIILFATGTIPT,MIVIICVIVLIIVILIILFAT,KNVK,GTIPT,3.6666666666666665,2.3666666666666663,-0.3370452380952381,-0.22844499999999998,2.426402541105223,3.028934048020606,
RecName: Full=Junctophilin-2; Short=JP-2; AltName: Full=Junctophilin type 2;,Q9BR39,675,695,20,MSGGRFDFDDGGAYCGGWEGGKAHGHGLCTGPKGQGEYSGSWNFGFEVAGVYTWPSGNTFEGYWSQGKRHGLGIETKGRWLYKGEWTHGFKGRYGIRQSSSSGAKYEGTWNNGLQDGYGTETYADGGTYQGQFTNGMRHGYGVRQSVPYGMAVVVRSPLRTSLSSLRSEHSNGTVAPDSPASPASDGPALPSPAIPRGGFALSLLANAEAAARAPKGGGLFQRGALLGKLRRAESRTSVGSQRSRVSFLKSDLSSGASDAASTASLGEAAEGADEAAPFEADIDATTTETYMGEWKNDKRSGFGVSERSSGLRYEGEWLDNLRHGYGCTTLPDGHREEGKYRHNVLVKDTKRRMLQLKSNKVRQKVEHSVEGAQRAAAIARQKAEIAASRTSHAKAKAEAAEQAALAANQESNIARTLARELAPDFYQPGPEYQKRRLLQEILENSESLLEPPDRGAGAAGLPQPPRESPQLHERETPRPEGGSPSPAGTPPQPKRPRPGVSKDGLLSPGAWNGEPSGEGSRSVTPSEGAGRRSPARPATERMAIEALQAPPAPSREPEVALYQGYHSYAVRTTPPEPPPFEDQPEPEVSGSESAPSSPATAPLQAPTLRGPEPARETPAKLEPKPIIPKAEPRAKARKTEARGLTKAGAKKKARKEAALAAEAEVEVEEVPNTILICMVILLNIGLAILFVHLLT,ILICMVILLNIGLAILFVHLL,VPNT,T,2.8285714285714283,2.196153846153846,-0.25311095238095244,-0.1885207692307692,2.8084543309292345,3.161362316948649,
RecName: Full=Junctophilin-3; Short=JP-3; AltName: Full=Junctophilin type 3; AltName: Full=Trinucleotide repeat-containing gene 22 protein;,Q8WXH2,728,748,20,MSSGGRFNFDDGGSYCGGWEDGKAHGHGVCTGPKGQGEYTGSWSHGFEVLGVYTWPSGNTYQGTWAQGKRHGIGLESKGKWVYKGEWTHGFKGRYGVRECAGNGAKYEGTWSNGLQDGYGTETYSDGGTYQGQWVGGMRQGYGVRQSVPYGMAAVIRSPLRTSINSLRSEHTNGTALHPDASPAVAGSPAVSRGGFVLVAHSDSEILKSKKKGLFRRSLLSGLKLRKSESKSSLASQRSKQSSFRSEAGMSTVSSTASDIHSTISLGEAEAELAVIEDDIDATTTETYVGEWKNDKRSGFGVSQRSDGLKYEGEWASNRRHGYGCMTFPDGTKEEGKYKQNILVGGKRKNLIPLRASKIREKVDRAVEAAERAATIAKQKAEIAASRTSHSRAKAEAALTAAQKAQEEARIARITAKEFSPSFQHRENGLEYQRPKRQTSCDDIEVLSTGTPLQQESPELYRKGTTPSDLTPDDSPLQSFPTSPAATPPPAPAARNKVAHFSRQVSVDEERGGDIQMLLEGRAGDCARSSWGEEQAGGSRGVRSGALRGGLLVDDFRTRGSGRKQPGNPKPRERRTESPPVFTWTSHHRASNHSPGGSRLLELQEEKLSNYRMEMKPLLRMETHPQKRRYSKGGACRGLGDDHRPEDRGFGVQRLRSKAQNKENFRPASSAEPAVQKLASLRLGGAEPRLLRWDLTFSPPQKSLPVALESDEENGDELKSSTGSAPILVVMVILLNIGVAILFINFFI,LVVMVILLNIGVAILFINFFI,SAPI,,2.8190476190476184,2.524,-0.25137047619047626,-0.2106944,2.7559113286549373,3.0332696895151083,
RecName: Full=Junctophilin-2; Short=JP-2; AltName: Full=Junctophilin type 2;,Q9ET78,675,695,20,MSGGRFDFDDGGAYCGGWEGGKAHGHGLCTGPKGQGEYSGSWNFGFEVAGVYTWPSGNTFEGYWSQGKRHGLGIETKGRWLYKGEWTHGFKGRYGIRQSTNSGAKYEGTWNNGLQDGYGTETYADGGTYQGQFTNGMRHGYGVRQSVPYGMAVVVRSPLRTSLSSLRSEHSNGTVAPDSPAADGPMLPSPPVPRGGFALTLLATAEAARPQGLFTRGTLLGRLRRSESRTSLGSQRSRLSFLKSELSSGASDAASTGSLAEGAEGPDDAAAPFDADIDATTTETYMGEWKNDKRSGFGVSERSSGLRYEGEWLDNLRHGYGRTTLPDGHREEGKYRHNVLVKGTKRRVLPLKSSKVRQKVEHGVEGAQRAAAIARQKAEIAASRTSHAKAKAEAAEQAALAANQESNIARTLAKELAPDFYQPGPEYQKRRLLQEILENSESLLEPPERGLGTGLPERPRESPQLHERETPQPEGGPPSPAGTPPQPKRPRPGASKDGLLSPGSWNGEPGGEGSRPATPSDGAGRRSPARPASEHMAIEALQPPPAPSQEPEVAMYRGYHSYAVRTGPPEPPPLEDEQEPEPEPEPEVRRSDSAPPSPVSATVPEEEPPAPRSPVPAKQATLEPKPIVPKAEPKAKARKTEARGLSKAGAKKKGRKEVAQAKEAEVEVEEVPNTVLICMVILLNIGLAILFVHLLT,VLICMVILLNIGLAILFVHLL,VPNT,T,2.814285714285714,2.1846153846153844,-0.2513938095238095,-0.18713384615384615,2.849156853418441,3.1753826237409672,
RecName: Full=Myotonin-protein kinase; Short=MT-PK; EC=2.7.11.1; AltName: Full=DM-kinase; Short=DMK; AltName: Full=DMPK; AltName: Full=Myotonic dystrophy protein kinase; Short=MDPK;,P54265,593,613,20,MSAEVRLRQLQQLVLDPGFLGLEPLLDLLLGVHQELGASHLAQDKYVADFLQWVEPIAARLKEVRLQRDDFEILKVIGRGAFSEVAVVKMKQTGQVYAMKIMNKWDMLKRGEVSCFREERDVLVKGDRRWITQLHFAFQDENYLYLVMEYYVGGDLLTLLSKFGERIPAEMARFYLAEIVMAIDSVHRLGYVHRDIKPDNILLDRCGHIRLADFGSCLKLQPDGMVRSLVAVGTPDYLSPEILQAVGGGPGAGSYGPECDWWALGVFAYEMFYGQTPFYADSTAETYAKIVHYREHLSLPLADTVVPEEAQDLIRGLLCPAEIRLGRGGAGDFQKHPFFFGLDWEGLRDSVPPFTPDFEGATDTCNFDVVEDRLTAMVSGGGETLSDMQEDMPLGVRLPFVGYSYCCMAFRDNQVPDPTPMELEALQLPVSDLQGLDLQPPVSPPDQVAEEADLVAVPAPVAEAETTVTLQQLQEALEEEVLTRQSLSRELEAIRTANQNFSSQLQEAEVRNRDLEAHVRQLQERMEMLQAPGAAAITGVPSPRATDPPSHLDGPPAVAVGQCPLVGPGPMHRRHLLLPARIPRPGLSEARCLLLFAAALAAAATLGCTGLVAYTGGLTPVWCFPGATFAP,LLLFAAALAAAATLGCTGLVA,EARC,YTGGL,2.1190476190476186,1.3933333333333333,-0.18393238095238096,-0.13968833333333333,2.320423374953668,2.809034029956935,
RecName: Full=Myotonin-protein kinase; Short=MT-PK; EC=2.7.11.1; AltName: Full=DM-kinase; Short=DMK; AltName: Full=DM1 protein kinase; AltName: Full=DMPK; AltName: Full=Myotonic dystrophy protein kinase;,Q09013,591,611,20,MSAEVRLRRLQQLVLDPGFLGLEPLLDLLLGVHQELGASELAQDKYVADFLQWAEPIVVRLKEVRLQRDDFEILKVIGRGAFSEVAVVKMKQTGQVYAMKIMNKWDMLKRGEVSCFREERDVLVNGDRRWITQLHFAFQDENYLYLVMEYYVGGDLLTLLSKFGERIPAEMARFYLAEIVMAIDSVHRLGYVHRDIKPDNILLDRCGHIRLADFGSCLKLRADGTVRSLVAVGTPDYLSPEILQAVGGGPGTGSYGPECDWWALGVFAYEMFYGQTPFYADSTAETYGKIVHYKEHLSLPLVDEGVPEEARDFIQRLLCPPETRLGRGGAGDFRTHPFFFGLDWDGLRDSVPPFTPDFEGATDTCNFDLVEDGLTAMVSGGGETLSDIREGAPLGVHLPFVGYSYSCMALRDSEVPGPTPMELEAEQLLEPHVQAPSLEPSVSPQDETAEVAVPAAVPAAEAEAEVTLRELQEALEEEVLTRQSLSREMEAIRTDNQNFASQLREAEARNRDLEAHVRQLQERMELLQAEGATAVTGVPSPRATDPPSHLDGPPAVAVGQCPLVGPGPMHRRHLLLPARVPRPGLSEALSLLLFAVVLSRAAALGCIGLVAHAGQLTAVWRRPGAARAP,LLLFAVVLSRAAALGCIGLVA,EALS,HAGQL,2.2904761904761903,1.5966666666666665,-0.2059061904761905,-0.178015,2.7792553760679404,3.0681819469841796,
RecName: Full=Peptidyl-prolyl cis-trans isomerase FKBP42; Short=PPIase FKBP42; EC=5.2.1.8; AltName: Full=42 kDa peptidyl-prolyl isomerase; AltName: Full=FK506-binding protein 42; Short=AtFKBP42; AltName: Full=Immunophilin FKBP42; AltName: Full=Protein TWISTED DWARF 1; AltName: Full=Protein ULTRACURVATA 2; AltName: Full=Rotamase;,Q9LDC0,339,357,18,MDESLEHQTQTHDQESEIVTEGSAVVHSEPSQEGNVPPKVDSEAEVLDEKVSKQIIKEGHGSKPSKYSTCFLHYRAWTKNSQHKFEDTWHEQQPIELVLGKEKKELAGLAIGVASMKSGERALVHVGWELAYGKEGNFSFPNVPPMADLLYEVEVIGFDETKEGKARSDMTVEERIGAADRRKMDGNSLFKEEKLEEAMQQYEMAIAYMGDDFMFQLYGKYQDMALAVKNPCHLNIAACLIKLKRYDEAIGHCNIVLTEEEKNPKALFRRGKAKAELGQMDSARDDFRKAQKYAPDDKAIRRELRALAEQEKALYQKQKEMYKGIFKGKDEGGAKSKSLFWLIVLWQWFVSLFSRIFRRHRVKAD,LFWLIVLWQWFVSLFSRIF,KSKS,RRHRV,1.657894736842105,0.3428571428571428,-0.24628894736842108,-0.1968242857142857,2.8397755396455087,3.1820058147602133,
RecName: Full=Vesicle-associated membrane protein 5; Short=VAMP-5; AltName: Full=Myobrevin;,Q9Z2P8,73,93,20,MAGKELKQCQQQADEVTEIMLNNFDKVLERHGKLAELEQRSDQLLDMSSAFSKTTKTLAQQKRWENIRCRVYLGLAVAVGLLIILIVLLVVFLPSGGDSSKP,LGLAVAVGLLIILIVLLVVFL,CRVY,PSGGD,3.357142857142857,2.1566666666666667,-0.2753928571428572,-0.159313,2.279720852464461,3.0980685120588385,
RecName: Full=Vesicle-associated membrane protein 5; Short=VAMP-5; AltName: Full=Myobrevin;,O95183,73,93,20,MAGIELERCQQQANEVTEIMRNNFGKVLERGVKLAELQQRSDQLLDMSSTFNKTTQNLAQKKCWENIRYRICVGLVVVGVLLIILIVLLVVFLPQSSDSSSAPRTQDAGIASGPGN,VGLVVVGVLLIILIVLLVVFL,YRIC,PQSSD,3.6047619047619044,2.2233333333333336,-0.2895609523809525,-0.20080800000000004,1.9920139962755845,3.051841113795078,
RecName: Full=Vesicle-associated membrane protein 8 {ECO:0000250|UniProtKB:Q9BV40}; Short=VAMP-8 {ECO:0000250|UniProtKB:Q9BV40}; AltName: Full=Endobrevin {ECO:0000250|UniProtKB:Q9BV40}; Short=EDB {ECO:0000250|UniProtKB:Q9BV40};,Q3T0Y8,75,95,20,MEASGGGGDDRVRNLRDEVEGVKNIMTQNVERILARGENLDHLRNKTEDLEATSEHFKTTSQKVARKFWWKNVKMIVLICVIVFIIILFIVLFATGAIPT,MIVLICVIVFIIILFIVLFAT,KNVK,GAIPT,3.5047619047619043,2.3366666666666664,-0.31831476190476193,-0.22434766666666664,2.6227336390297045,3.2029100796497265,
RecName: Full=Putative syntaxin-3;,Q20024,280,300,20,MPRDRLKELQEKATVNTIHAYNYDPPARKYDVESQPLINQDADFEMFLERCSNIRGGLKSLEEDYDAVVQLHGALLSTPGADSENSNKLKSHNQMFFSKAEQIKNSLKILSEETSRIPTTACGIMRAKSDQVKSIYKTFENIMLNFNREQDEYKEKAKRKIVDYLKIRNMQLSDEEIENAVSSGNLSEVTKGVMLALNEKKALYDEVKSRADELKNLERQMGELAQMFHDLHIMVVSQGEMVDSIVNSVENATEYAKQARGNVEEARNLQKRARKMKVCIIIGSIIAVLILILFIQSAVCHFTPIC,IIIGSIIAVLILILFIQSAVC,MKVC,HFTPI,2.8190476190476192,2.19,-0.2569790476190477,-0.20705700000000007,2.737322779818595,3.372253928364927,
RecName: Full=Synaptobrevin;,P18489,111,130,19,MENNEAPSPSGSNNNDFPILPPPPNANDNYNQFGDHQIRNNNAAQKKLQQTQAKVDEVVGIMRVNVEKVLERDQKLSELGERADQLEQGASQFEQQAGKLKRKQWWANMKMMIILGVIAVVLLIIVLVSVWPSSSDSGSGGGNKAITQAPPH,MMIILGVIAVVLLIIVLVSV,ANMK,WPSSS,3.3649999999999998,2.024137931034483,-0.2958615000000001,-0.19094103448275862,2.4659573209491747,3.138177444061117,
RecName: Full=Vesicle-associated membrane protein 721 {ECO:0000303|PubMed:11115874}; Short=AtVAMP721 {ECO:0000303|PubMed:11115874}; AltName: Full=v-SNARE synaptobrevin 7B {ECO:0000303|Ref.1}; Short=AtVAMP7B {ECO:0000303|Ref.1};,Q9ZTW3,197,217,20,MAQQSLIYSFVARGTVILVEFTDFKGNFTSIAAQCLQKLPSSNNKFTYNCDGHTFNYLVEDGFTYCVVAVDSAGRQIPMSFLERVKEDFNKRYGGGKAATAQANSLNKEFGSKLKEHMQYCMDHPDEISKLAKVKAQVSEVKGVMMENIEKVLDRGEKIELLVDKTENLRSQAQDFRTTGTQMRRKMWLQNMKIKLIVLAIIIALILIIVLSVCHGFKC,IVLAIIIALILIIVLSVCHGF,KIKL,KC,3.0380952380952375,2.3296296296296295,-0.2692785714285715,-0.24927555555555556,2.7539187581803457,2.935649891838886,
RecName: Full=Sarcolemmal membrane-associated protein; Short=Sarcolemmal-associated protein;,Q28623,746,766,20,MPSALAIFTCRPNSHPFQERHVYLDEPIKIGRSVARCRPAQNNATFDCKVLSRNHALVWFDHKTGKFYLQDTKSSNGTFINSQRLSRGSEESPPCEILSGDIIQFGVDVTENTRKVTHGCIVSTIKLFLPDGMEARLRSDVIHAPLPSPVDKVAANTPSMYSQELFQLSQYLQEALHREQMLEQKLATLQRLLAITQEASDTSWQALIDEDRLLSRLEVMGNQLQACSKNQTEDSLRKELIALQEDKHNYETTAKESLRRVLQEKIEVVRKLSEVERSLSNTEDECTHLKEMNERTQEELRELANKYNGAVNEIKDLSDKLKVAEGKQEEIQQKGQAEKKELQHKIDEMEEKEQELQAKIEALQADNDFTNERLTALQEHLLSKSGGDCTFIHQFIECQKKLIVEGHLTKVVEETKLAKENQARAKESDLSDTLSPSKEKSSDDTTDAQMDEQDLNESLAKVSLLKALLEEERKAYRNQVEESSKQIQVLQAQLQRLHMDIENLREEKDNEITSTRDELLSARDEILLLHQAAEKAASERDTDIASLQEELKKVRAELERWRKAASEYEKEVTSLQSSFQLRCQQCEDQQKEEATRLQGELEKLRKEWNVLETECHSLKKENVLLSSELQRQEKELHNSQKQSLELTSDLSILQMTRKELENQMGSLKEQHLRDSADLKILLSKAENQAKDVQKEYEKTQTVLSELKLKFEMTEQEKQSITDELKQCKDNLKLLQEKGNNNKPWPWMPMLAALVAVTAIVLYVPGLARASP,WMPMLAALVAVTAIVLYVPGL,KPWP,ARASP,1.9523809523809523,0.9899999999999999,-0.17718000000000006,-0.09880266666666666,3.0589840894454263,3.3362434129830607,
RecName: Full=Cell cycle exit and neuronal differentiation protein 1; AltName: Full=BM88 antigen;,Q29026,116,136,20,MESRGRSANSPKADAKATTEARAPPAVDGKVPSAKKQEAQKAEKQEPPAAPTLPPAKKTSALLDNHSNLKPAPAAPSSPDAAPEPKGPGDGAEEAEAPSGGPGGRGPCPFENLNPLLVAGGIAMAAAALILGVVFLARKK,LLVAGGIAMAAAALILGVVFL,NLNP,ARKK,2.6142857142857143,1.3655172413793102,-0.21017571428571433,-0.15095965517241378,2.552832161679204,3.1107039446773275,
RecName: Full=Vesicle-associated membrane protein 5; Short=VAMP-5; AltName: Full=Myobrevin;,Q9Z2J5,73,93,20,MAGKELERCQRQADQVTEIMLNNFDKVLERDGKLSELQQRSDQLLDMSSAFSKTTKTLAQQKRWENIRCRVYLGLAVAGGLLLILVVLLVIFLPSGEDSSKP,LGLAVAGGLLLILVVLLVIFL,CRVY,PSGED,3.1047619047619044,1.8766666666666665,-0.23235857142857147,-0.15045300000000003,2.2359263506290326,3.1689250793612644,
RecName: Full=Vesicle-associated membrane protein 2; Short=VAMP-2; AltName: Full=Synaptobrevin-2;,Q9N0Y0,95,114,19,MSATAATAPPAAPAGEGGPPAPPPNLTSNRRLQQTQAQVDEVVDIMRVNVDKVLERDQKLSELDDRADALQAGASQFETSAAKLKRKYWWKNLKMMIILGVICAIILIIIIVYFST,MMIILGVICAIILIIIIVYF,KNLK,ST,3.285,2.1807692307692306,-0.29883600000000005,-0.23589153846153849,2.5954618442383217,3.1895084675586194,
RecName: Full=Syntaxin-1A;,Q5R4L2,266,286,20,MKDRTQELRTAKDSDDDDDVAVTVDRDRFMDEFFEQVEEIRGFIDKIAENVEEVKRKHSAILASPNPDEKTKEELEELMSDIKKTANKVRSKLKSIEQSIEQEEGLNRSSADLRIRKTQHSTLSRKFVEVMSEYNATQSDYRERCKGRIQRQLEITGRTTTSEELEDMLESGNPAIFASGIIMDSSISKQALSEIETRHSEIIKLENSIRELHDMFMDMAMLVESQGEMIDRIEYNVEHAVDYVERAVSDTKKAVKYQSKARRKKIMIIICCVIPGIVIASTVGGIFA,IMIIICCVIPGIVIASTVGGI,RRKK,FA,2.5238095238095237,1.5111111111111113,-0.14525857142857143,-0.1515148148148148,2.7013757559060485,3.2174884279291383,
RecName: Full=Calcium-binding protein 8; Short=CaBP8; AltName: Full=Calneuron I; AltName: Full=Calneuron-1;,Q9JJG7,193,213,20,MPFHHVTAGLLYKGNYLNRSLSAGSDSEQLANISVEELDEIREAFRVLDRDGNGFISKQELGMAMRSLGYMPSEVELAIIMQRLDMDGDGQVDFDEFMTILGPKLVSSEGRDGFLGNTIDSIFWQFDMQRVTLEELKHILYHAFRDHLTMKDIENIIINEEESLNETSGNCQTEFEGVHSQKQNRQTCVRKSLICAFAMAFIISVMLIAANQILRSGME,LICAFAMAFIISVMLIAANQI,VRKS,LRSGM,2.2571428571428567,1.4133333333333338,-0.2482828571428572,-0.19660766666666668,3.000923091880016,3.457425813763051,
RecName: Full=Vesicle-associated membrane protein-associated protein A; Short=VAMP-A; Short=VAMP-associated protein A; Short=VAP-A;,Q5R601,228,248,20,MASASGAMAKHEQILVLDPPTDLKFKGPFTDVVTTNLKLRNPSDRKVCFKVKTTAPRRYCVRPNSGIIDPGSTVTVSVMLQPFDYDPNEKSKHKFMVQTIFAPPNTSDMEAVWKEAKPDELMDSKLRCVFEMPNENDKLNDMEPSKAVPLNASKQDGPMPKPHSVSLNDTETRKLMEECKRLQGEMMKLSEENRHLRDEGLRLRKVAHSDKPGSTSTASFRDNVTSPLPSLLVVIAAIFIGFFLGKFIL,LPSLLVVIAAIFIGFFLGKFI,VTSP,L,2.3476190476190473,2.0846153846153848,-0.1798490476190476,-0.14603307692307693,2.9637459942073314,3.1479578728872353,
RecName: Full=Vesicle-associated membrane protein 5; Short=VAMP-5;,Q2KHY2,73,93,20,MAGKELERCQRQADEVTEIMLNNFDKVLERDGKLAELEQRSDQLLDMSSAFSKTTKTLAQKKRWENARCRIYMGLAVGIALLILLIVLLVIFLPQSSKGSSAPQVQDAGPASGPGE,MGLAVGIALLILLIVLLVIFL,CRIY,PQSSK,3.261904761904762,1.9699999999999998,-0.26947761904761913,-0.19767366666666672,2.4516084941043093,3.361406329721843,
RecName: Full=Vesicle-associated membrane protein 725 {ECO:0000303|PubMed:11115874}; Short=AtVAMP725 {ECO:0000303|PubMed:11115874};,O48850,262,282,20,MDRSVVPISLAPFQFLLVFWIFLTSVHTNPNKQQKTVVSLSLWWNSKNRIRGCVWFFFLLRVTRTMGQQNLIYSFVARGTVILVEYTEFKGNFTAVAAQCLQKLPSSNNKFTYNCDGHTFNYLVENGFTYCVVAVESVGRQIPMAFLERVKEDFNKRYGGGKATTAQANSLNREFGSKLKEHMQYCVDHPDEISKLAKVKAQVTEVKGVMMENIEKVLDRGEKIELLVDKTENLRSQAQDFRTQGTKIRRKMWFENMKIKLIVLGIIITLILIIILSVCGGFKCT,IVLGIIITLILIIILSVCGGF,KIKL,KCT,2.961904761904762,2.164285714285714,-0.20434619047619051,-0.19135642857142857,2.5468465893424046,2.819899904495298,
RecName: Full=Sarcolemmal membrane-associated protein;,P0C219,833,853,20,MPSALAIFTCRPNSHPFQERHVYLDEPIKIGRSVARCRPAQNNATFDCKVLSRNHALVWFDHKTSKFYLQDTKSSNGTFINSQRLSRGSEESPPCEILSGDIIQFGVDVTENTRKVVTHGCIVSTIKLFLPDGMEARLRSDDVIHAPLPSPVDKVAANTPSMYSQELFQLSQYLQEALHREQMLEQKLATLQRLLAITQEASDTSWQALIDEDRLLSRLEVMGNQLQACSKNQTEDSLRKELVALQEDKHSYETTAKESLRRVLQEKIEVVRKLSEVERSLSNTEDECTHLREMNERTQEELRELANKYNGAVNEIKDLSDKLKAAEGKQEEIQQKGQAEKKELQAKIDDMEEKEQELQAKIEALQADNDFTNERLTALQVVRLEPLQEKTLKECSSLGGIQVDDFLPKINGSTEKEERLLSKSGGDCTFIHQFIECQKKKLMVQGHLTKVVEESKLSKEENQAKAKESDLSDTLSPSKEKSSDDTTDDAQMDEQDLNEPLAKVSLLKDDDLQGTQAETEAKQDTQHLRKELVEAQELARASKQKCFDLQAALLEEERKAYRNQVEESAKQIQVLQVVQLQRLHMDMENLQEEKDTEISSTRDKLLSAQDEILLLHQAAAKAVSERDTDFMSLQEELKKVRAELEGWRKAASEYEEEIRSLQSTFQLRCQQCEVQQREEATRLQGGELEKLKKEWDVLENECRSLKKENVLLSSELQRQEKELHNNSQKQSLELTSDLSILQMTRKELENQMGSLKEQHLRDEADLKTLLSKAENQAKDVQKEYEKTQTVLSELKLKFEMTEQEKQSITDELKQCKDNLKLLREKGNNKPWPWMPMVAALVAVTAMVLYVPGLARASP,WMPMVAALVAVTAMVLYVPGL,KPWP,ARASP,1.8476190476190475,0.9166666666666664,-0.17012809523809527,-0.09386633333333333,2.910440495218581,3.2322628970242686,
RecName: Full=Vesicle-associated membrane protein 724 {ECO:0000303|PubMed:11115874}; Short=AtVAMP724 {ECO:0000303|PubMed:11115874}; AltName: Full=SYBL1-like protein {ECO:0000303|PubMed:9461215};,O23429,198,218,20,MGQESFIYSFVARGTMILAEYTEFTGNFPSIAAQCLQKLPSSSNSKFTYNCDHHTFNFLVEDGYAYCVVAKDSLSKQISIAFLERVKADFKKRYGGGKASTAIAKSLNKEFGPVMKEHMNYIVDHAEEIEKLIKVKAQVSEVKSIMLENIDKAIDRGENLTVLTDKTENLRSQAQEYKKQGTQVRRKLWYQNMKIKLVVLGILLLLVLIIWISVCHGFNCTD,VVLGILLLLVLIIWISVCHGF,KIKL,NCTD,2.7238095238095235,1.8103448275862069,-0.22558285714285717,-0.180908275862069,2.796613851144144,3.2972525493055023,
RecName: Full=Junctophilin-4; Short=JP-4; AltName: Full=Junctophilin-like 1 protein;,Q69FB3,609,629,20,MHVPLGRKFDFDDGGCYVGGWEAGRAHGYGVCTGPGAQGEYSGCWAHGFESLGVFTGPGGHSYQGHWQQGKREGLGVERKSRWTYRGEWLGGLKGRSGVWESVSGLRYAGLWKDGFQDGYGTETYSDGGTYQGQWQAGKRHGYGVRQSVPYHQAALLRSPRRTSLDSGHSDPPTPPPPLPLPGDEGGSPASGSRGGFVLAGPGDADGASSRKRTPAAGGFFRRSLLLSGLRAGGRRSSLGSKRGSLRSEVSSEVGSTGPPGSEASGPPIPAPPALIEGSATEVYAGEWRADRRSGYGVSQRSNGLRYEGEWLGNRRHGYGRTTRPDGSREEGKYKRNRLVHGGRVRSLLPLALRRGKVKEKVDRAVEGARRAVSAARQRQEIAAARAADALLKAVAASSVAEKAVEAARMAKLIAQDLQPMLEAPGRRPRQDSGGSDTEPLDEDSPGVYENGLTPSEGSPELPSSPASSHQPWRAPPCRSPLPPGGNWGPFSSPKAWPEEWGGPGEQAEELAGYEAEDEAGMQGPGPRDGSPLLGGCSDSSGSLREEEGEDEESLPQLRAPGGSESEPVTTPVLRGLSSRGPDAGCLTEEFEEPAATERPAQPGAANPLVVGAVALLDLSLAFLFSQLLT,LVVGAVALLDLSLAFLFSQLL,AANP,T,2.1428571428571423,1.6461538461538459,-0.2066095238095238,-0.15656884615384614,2.6061376606679536,2.994111719041081,
RecName: Full=Junctophilin-1; Short=JP-1; AltName: Full=Junctophilin type 1; AltName: Full=Mitsugumin-72; Short=Mg72;,Q9GKY8,641,661,20,MTGGRFDFDDGGTYCGGWEEGKAHGHGICTGPKGQGEYSGSWSHGFEVVGGYTWPSGNTYQGYWAQGKRHGLGVETKGKWMYRGEWSHGFKGRYGVRQSLCTPARYEGTWSNGLQDGYGVETYGDGGTYQGQWAGGMRHGYGVRQSVPYGMATVIRSPLRTSLASLRSEQSNGSVLHDAAAAADTPTGTRGGFVLNFHADAELAGKKKGGLFRRGSLLGSMKLRKSESKSSISSKRSSVRSDAAMSRISSSDANSTISFGDVDCDFCPVEDHVDATTTETYMGEWKNDKRNGFGISERSNGMKYEGEWANNKRHGYGCTVFPDGSKEEGKYKNNILVRGIRKQLIPIRNTKTREKVDRAIEGAQRAAAMARTKVEIANSRTAHARAKADAADQAALAARQECDIARAVARELSPDFYQPGPDYIKQRLQEGVDAKENPEEKVPAKPPTPKESPHFYRKGTTPPGSPEASPKYSRSPQPSPPKPAKKQNPSSGARLNQDKRGVAEEQVTAIVNKPLTSKAPTKEVGAAVSQSKYSGRHHVPNPSNGELHSQYHGYYVKLHAPQHPPVDAEDDDRSSPSSSALVHKPSPNKWSPPKSVTKPVAKESKAEPKAKKSELAIPKNPASNDSCPSMEREANSGPNSVMIVLVMLLNIGLAILFVHFLT,VMIVLVMLLNIGLAILFVHFL,GPNS,T,2.7238095238095235,1.9307692307692308,-0.2543619047619048,-0.15286153846153847,2.8559049224696933,3.305645006352999,
RecName: Full=Calcium-binding protein 7; Short=CaBP7; AltName: Full=Calneuron II; AltName: Full=Calneuron-2;,Q91ZM8,189,209,20,MPFHPVTAALMYRGIYTVPNLLSEQRPVDIPEDELEEIREAFKVFDRDGNGFISKQELGTAMRSLGYMPNEVELEVIIQRLDMDGDGQVDFEEFVTLLGPKLSTSGIPEKFHGTDFDTVFWKCDMQKLTVDELKRLLYDTFCEHLSMKDIENIIMTEEESHLGTAEECPVDVETCSNQQIRQTCVRKSLICAFAIAFIISVMLIAANQVLRSGMK,LICAFAIAFIISVMLIAANQV,VRKS,LRSGM,2.3666666666666667,1.4900000000000004,-0.25591523809523814,-0.20195033333333337,3.000923091880016,3.457425813763051,
